259	Iraq: Government
333	Afghanistan: Government
364	India: Kashmir
395	Tajikistan: Government
404	Pakistan: Government
418	United States of America: Government
453	Government of Russia (Soviet Union) - Civilians
484	Government of Afghanistan - Civilians
485	Government of Tajikistan - Civilians
506	IS - Civilians
514	Taleban - Civilians
515	UIFSA - Civilians
540	LeJ - Civilians
4619	Forces of Abdul Rahman Khan  - Forces of Amanullah
4621	Forces of Amanullah Khan  - Forces of Arbab Basir
4622	Forces of Amanullah Khan  - Forces of Ismail Khan
4707	Harakat-i Inqilab-i Islami-yi Afghanistan  - Ittihad-i Islami Bara-yi Azadi-yi Afghanistan
4708	Hizb-i Wahdat - Hizb-i Wahdat - Akbari faction
4709	Hizb-i Islami-yi Afghanistan - Hizb-i Wahdat
4710	Hizb-i Islami-yi Afghanistan - Jamiat-ul-Dawa
4711	Hizb-i Islami-yi Afghanistan - Jam'iyyat-i Islami-yi Afghanistan
4712	Hizb-i Islami-yi Afghanistan - Junbish-i Milli-yi Islami
4713	Hizb-i Islami-yi Afghanistan - Taleban
4714	Jam'iyyat-i Islami-yi Afghanistan - Junbish-i Milli-yi Islami
4715	Jam'iyyat-i Islami-yi Afghanistan - Mahaz-i Milli-yi Islami-yi Afghanistan
4716	Jam'iyyat-i Islami-yi Afghanistan - Shura-yi Nazar-i Shomali
4901	Taleban - Ali Dad faction - Taleban - Mola Khel faction
10066	Hizb-i Wahdat - Junbish-i Milli-yi Islami
10072	Forces of Sayed Mansur Naderi - Hizb-i Islami-yi Afghanistan
13692	Afghanistan - United Kingdom, United States of America
13263	TTP-KM - TTP-SM
13637	Afghanistan: Islamic State
13533	Forces of Mullah Abdol Rauf Khadim - Taleban
13540	IS - Taleban
13586	Taleban - High Council of Afghanistan Islamic Emirate
13651	High Council of Afghanistan Islamic Emirate, IS - Taleban
412	Serbia (Yugoslavia): Kosovo
386	Algeria: Government
572	GIA - Civilians
573	AQIM - Civilians
4150	Signed-in-Blood Battalion - Civilians
4717	GIA - El Ahd Battalion - GIA - El Khadra Battalion
4718	GIA - El Forkane - GIA - El Khadra Battalion
4719	AIS - GIA
13721	Algeria: Islamic State
14264	Arab Brabich  - Idnan (Tuareg)
327	Angola: Government
387	Angola: Cabinda
475	Government of Angola - Civilians
578	UNITA - Civilians
426	Israel: Southern Lebanon
904	Hezbollah - Civilians
388	Azerbaijan: Artsakh (Nagorno-Karabakh)
396	Azerbaijan: Government
525	Republic of Artsakh - Civilians
718	Government of Bahrain - Civilians
223	Myanmar (Burma): Arakan
322	Bangladesh: Chittagong Hill Tracts
487	Government of India - Civilians
488	Government of Myanmar (Burma) - Civilians
512	JSS/SB - Civilians
517	NLFT - Civilians
731	Government of Bangladesh - Civilians
2009	JMB - Civilians
4591	Supporters of Awami League - Supporters of BNP
4720	BCP - PBCP
11350	Bangladesh: Government
10513	Supporters of Awami League - Supporters of Jamaat-e-Islami
11446	BNLF - NLFT
13674	Bangladesh: Islamic State
13992	ARSA - Civilians
421	India: Bodoland
531	NDFB - Civilians
4721	Laime - Qaqachaca
14311	Bonde dos 13 - Comando Vermelho
389	Bosnia-Herzegovina: Serb
390	Croatia: Serb
397	Bosnia-Herzegovina: Bihaca Krajina
398	Bosnia-Herzegovina: Croat
449	Government of Croatia - Civilians
451	Government of Bosnia-Herzegovina - Civilians
528	Croatian Republic of Bosnia-Herzegovina - Civilians
632	Serbian Republic of Bosnia-Herzegovina - Civilians
4523	Serbian irregulars, Serbian Republic of Bosnia-Herzegovina - Civilians
4871	Republic of Bosnia-Herzegovina - Serbian Republic of Bosnia-Herzegovina
4874	Republic of Croatia - Serbian Republic of Krajina
477	Government of South Africa - Civilians
448	Government of Brazil - Civilians
4601	Comando Vermelho - Terceiro Comando
11897	Amigos dos Amigos - Comando Vermelho
11906	Barriga gang - Sujeirinha gang
11934	Comando Vermelho - Terceiro Comando Puro
11993	Okaida - Estados Unidos
13971	FDN - PCC
13972	Comando Vermelho - PCC
14224	PCC - Sindicato RN
14285	Comando Vermelho - GDE
14928	Comando Classe A - Comando Vermelho
15083	Comando Vermelho - FDN
15425	Anti-Bala - Bala na Cara
15507	Bonde do Maluco - Katiara
15508	Bonde do Maluco - Comando Vermelho
15517	GDE, PCC - Sindicato RN
15521	Associação Família Capixaba - PCC
15522	Cartel do Norte - Comando Vermelho
15523	Amigos Para Sempre - Família Terror Amapá
695	Government of Burkina Faso - Civilians
13840	Burkina Faso: Islamic State
13968	JNIM - Civilians
360	Burkina Faso: Government
13999	Ansaroul Islam - Civilians
14199	JNIM - Koglweogo
14203	Koglweogo - Civilians
14864	IS - JNIM
287	Burundi: Government
471	Government of Burundi - Civilians
472	Government of Rwanda - Civilians
551	Palipehutu-FNL - Civilians
552	CNDD-FDD  - Civilians
568	FPR - Civilians
584	Hutu rebels - Civilians
585	Interahamwe, ex-FAR - Civilians
950	Palipehutu - Civilians
1920	ALiR - Civilians
4599	CNDD-FDD  - Palipehutu-FNL
4684	Palipehutu-FNL - Palipehutu-FNL - LP
4722	ALiR - Palipehutu-FNL
4914	CNDD - Palipehutu-FNL
9268	Hutu - Tutsi
374	Rwanda: Government
13766	RED-TABARA  - Civilians
15406	FRODEBU - Civilians
294	Cambodia (Kampuchea) - Thailand
300	Cambodia (Kampuchea): Government
508	KR - Civilians
732	Government of Cambodia (Kampuchea) - Civilians
297	Nigeria: Government
405	Cameroon - Nigeria
462	Government of Cameroon - Civilians
1850	Jama'atu Ahlis Sunna Lidda'awati wal-Jihad - Civilians
4723	Bafanji - Balikumbat
4724	Banya - Foulbe, Hausa
4725	Choa Arab - Kotoko
353	Cameroon: Government
13638	Cameroon: Islamic State
14081	Comités locaux de vigilance - Jama'atu Ahlis Sunna Lidda'awati wal-Jihad
14129	Cameroon: Ambazonia
14605	Ambazonia insurgents - Civilians
15371	Choa Arab - Musgum
4726	Hells Angels - Rock Machine
314	Uganda: Government
416	Central African Republic: Government
464	Government of Central African Republic - Civilians
465	Government of Chad - Civilians
466	Government of Congo - Civilians
468	Government of Uganda - Civilians
554	SPLM/A - Civilians
559	LRA - Civilians
586	Janjaweed  - Civilians
1047	Seleka - Civilians
2393	FDPC - Civilians
4219	FPR - Civilians
4969	CPJP - Seleka
11191	Christians (CAR) - Muslims (CAR)
11704	anti-Balaka - FPRC
11705	anti-Balaka - Civilians
11706	FPRC - Civilians
15283	Central African Republic: Logone
13384	anti-Balaka - UPC
13388	UPC - Civilians
13690	MPC - Civilians
13760	FPRC - UPC
13870	3R - Civilians
13925	FPRC, MPC - Civilians
14000	anti-Balaka - MPC
14089	3R - anti-Balaka
14090	anti-Balaka, FPRC-AK - FPRC
14217	MNLC - RJ
14218	MNLC - Civilians
14241	Anti-Balaka - Mokom, FPRC, MPC, RPRC - UPC
14244	Anti-Balaka - Mokom, FPRC, MPC, RPRC - Civilians
14245	Anti-Balaka - Mokom - Civilians
14258	anti-Balaka - Peuhl militia (Zemio)
14378	FPRC - MPC
14578	FPRC, MPC, Self-Defense Mujahidin (CAR) - Civilians
14717	FPRC - MLCJ
15031	FPRC - MLCJ, PRNC, RPRC
15033	FPRC - MLCJ, RPRC
15208	CPC - Civilians
288	Chad: Government
309	Sudan: Government
480	Government of Sudan - Civilians
553	FARF - Civilians
555	JEM - Civilians
966	CSNPD - Civilians
4604	Darsalim - Kibete
4701	Tama - Zaghawa
4727	Khozam   - Oulad Rachid
4849	Awlad Zeid - Zaghawa
4852	Masalit  - Rizeigat Abbala
13640	Chad: Islamic State
13678	Toubou  - Zaghawa
14747	Dadjo - Mouro
15479	Arab - Kagal, Kibete
15483	Arab - Bulala
439	Myanmar (Burma): Kokang
486	Government of China - Civilians
10310	Han Chinese - Uighur
11349	China: East Turkestan
289	Colombia: Government
446	Government of Colombia - Civilians
447	Government of Venezuela - Civilians
605	FARC - Civilians
606	ELN - Civilians
609	ACCU - Civilians
610	AUC - Civilians
611	Medellín Cartel - Civilians
4586	AUC - FARC
4728	AUC - ELN
4729	Cali Cartel - Medellín Cartel
4730	Medellín Cartel - PEPES
13079	AUC - ELN, FARC
13757	Bloque Central Bolívar - Civilians
13812	MAS - Civilians
13824	Bloque Central Bolívar - ELN, FARC
14346	FARC dissidents - Civilians
15318	ACC - FARC
362	Comoros: Government
407	Comoros: Anjouan
4731	MPA/Republic of Anjouan - MPA - SOC
408	Congo: Government
574	Cobras - Civilians
575	Ntsiloulous - Civilians
337	Somalia: Government
379	Djibouti: Government
435	Djibouti - Eritrea
604	Al-Shabaab - Civilians
4683	Oromo - Somali
4822	Forces of Abdurahman Ahmed Ali 'Tur' - Republic of Somaliland
14929	Afar - Somali
283	DR Congo (Zaire): Government
429	DR Congo (Zaire): Kongo Kingdom
467	Government of DR Congo (Zaire) - Civilians
476	Government of Zimbabwe (Rhodesia) - Civilians
547	AFDL - Civilians
548	RCD - Civilians
549	RCD-ML  - Civilians
550	CNDP - Civilians
560	ADF - Civilians
569	FDLR - Civilians
582	FAPC - Civilians
583	FNI - Civilians
588	Mayi Mayi - Chinja Chinja - Civilians
589	Mayi Mayi - Civilians
591	Mayi Mayi - Ngilima  - Civilians
593	Rastas - Civilians
594	RCD - LN - Civilians
619	PARECO - Civilians
621	RCD - CP  - Civilians
627	UPC - Civilians
628	FRPI - Civilians
631	Mayi Mayi Complet - Civilians
708	Government of South Sudan - Civilians
951	CNDD - Civilians
1952	M23 - Civilians
1990	Mayi Mayi Simba - Civilians
1991	Raia Mutomboki - Civilians
3722	NDC - Civilians
3725	Nyatura - Civilians
3728	CNPSC - Civilians
3731	Mayi Mayi Kifuafua, Raia Mutomboki - Civilians
4505	MLC, RCD-N - Civilians
4506	FNI, FRPI, RCD-K-ML  - Civilians
4507	FNI, FRPI - Civilians
4508	FRPI, RCD-K-ML  - Civilians
4511	MLC, RCD-N, UPC - Civilians
4519	FAPC, FNI - Civilians
4575	Alur - Lendu
4587	Bangadi Militia - LRA
4589	Bena Kapuya - Bena Nshimba
4600	CNDP - PARECO
4615	FAPC - FNI
4638	Hema - Lendu
4689	Mayi Mayi - RCD
4690	FRF - RCD
4691	RCD-K-ML  - RCD-N
4692	RCD-K-ML  - MLC, RCD-N
4732	AFDL - ALiR
4733	AFDL - Mayi Mayi
4734	Hunde - Hutu
4735	Banyarwanda - Hunde, Nyanga
4736	CNDD-FDD , Mayi Mayi - RCD
4737	RCD-ML  - RCD-K-ML
4738	Mayi Mayi - RCD-ML
4917	FNI - PUSIC
4918	FNI - UPC
4919	FNI, FRPI - UPC
4920	RCD-K-ML  - UPC
4963	FDC - FDLR
5000	ALiR, Mayi Mayi - RCD
5001	ALiR, CNDD-FDD , Mayi Mayi - RCD
5002	Bafulero, Bavira - Banyamulenge
5042	APCLS - M23
5046	FDLR - Raia Mutomboki
9282	Banunu - Batende
11258	Interahamwe, ex-FAR, MAGRIVI  - Civilians
11313	FLC - Mayi Mayi
265	DR Congo (Zaire): Katanga
11403	Kata Katanga - Civilians
11649	M23 - M23-R
11665	APCLS - NDC
13194	FDC - Groupe de Sécurité (Nyatura Kasongo)
13221	Raia Mutomboki - Bravo - Raia Mutomboki - Makombo
13225	Baluba - Batwa
13361	Hutu - Nande
13362	Bafulero - Banyamulenge, Barundi
13382	Mayi Mayi - Makabe - Civilians
13529	Elements (Luba militia) - Civilians
13531	Perci (Batwa militia) - Civilians
13818	Mayi Mayi Mazembe - Civilians
13912	APCLS, FDLR, Nyatura Love - Mayi Mayi Mazembe, NDC-R
13959	Mayi Mayi Mazembe, NDC-R - Civilians
9237	Kamuina Nsapu - Civilians
13961	Chokwe, Pende - Baluba, Lulua
13967	Bana Mura - Civilians
13975	NDC-R - Mayi Mayi Mazembe
14080	ADF, Mayi Mayi Mayangose - Civilians
14085	ADF, Vuba militia - Civilians
14106	NDC-R - Civilians
14157	Bafulero - Banyamulenge
14183	CNRD - Groupe de Sécurité (Nyatura Kasongo)
14206	CNPSC - Twiganeho
14208	CMC - Civilians
14210	CMC - NDC-R
14237	Bambuti, Batwa - Batabwa
14289	CMC - Mayi Mayi Mazembe
14352	Bahemba - Bambuti
14356	Twiganeho - Civilians
14402	APCLS - NDC-R
14501	FPP-AP - NDC-R
14547	APCLS - APCLS-R, NDC-R
14564	CMC, NDC-R - CNRD
14602	APCLS, CMC - NDC-R
14692	DR Congo (Zaire): Islamic State
14726	CNPSC - Ngumino, Twiganeho
14727	CNPSC - Ngumino
14745	URDPC - Civilians
14936	Mayi Mayi Luwotu, RNL - RCD-K-ML
14995	FPP-AP - Mayi Mayi Mazembe, NDC-R
15023	AFP-Gutabara - CNPSC
15043	FPIC - Civilians
15044	Zaire self-defense group - Civilians
15051	NDC-R - NDC-R-GBS
15092	AFP-Gutabara, RED-TABARA , Twiganeho - CNPSC
15268	FPP-AP, NDC-R-GBS - NDC-R
15279	Nyatura Nduhuye - Raia Mutomboki Butachibera
15312	AFP-Gutabara, Ngumino - Civilians
15345	CODECO-BTD - Civilians
15501	Iyeke (Batwa) - Nkundo
403	Ecuador - Peru
4641	Huaorani - Tagaeri
15266	Los Choneros - Los Chone Killers , Los Lobos , Los Pipos, Los Tiguerones
15386	Los Choneros - Los Lobos
234	Israel: Palestine
391	Egypt: Government
482	Government of Egypt - Civilians
526	al-Gama'a al-Islamiyya - Civilians
544	Tawhid wal Jihad - Civilians
4960	Copts (Egypt) - Muslims (Egypt)
4994	Supporters of al-Ahly football team  - Supporters of al-Masry football team
11072	Opponents of Morsi - Supporters of Morsi
13196	Bani Hilal - Nubian Dabudiya
13648	Egypt: Islamic State
316	El Salvador: Government
326	Eritrea: Government
409	Eritrea - Ethiopia
699	Government of Eritrea - Civilians
267	Ethiopia: Government
275	Ethiopia: Eritrea
329	Ethiopia: Ogaden
363	Ethiopia: Afar
413	Ethiopia: Oromiya
469	Government of Kenya - Civilians
474	Government of Ethiopia - Civilians
561	ONLF - Civilians
934	TPLF - Civilians
4569	Afar - Kereyou
4570	Afar - Issa (Dir)
4576	Amaro - Guji
4581	Anuak - Dinka
4582	Anuak - Nuer
4590	Bi'idyahan subclan of Majerteen clan (Darod) - Ismail subclan of Makahil clan (Darod)
4595	Borana - Guji
4596	Borana - Konso
4597	Borana - Gabra, Garre
4598	Burji - Guji
4606	Dawa - Gura
4607	Derashe - Konso
4611	Dizi   - Suri
4613	Nyangatom  - Turkana
4627	Gabra - Guji
4632	Gumuz - Oromo
4660	Lou Nuer - Murle
4670	Majerteen subclan (Darod) - Marehan subclan (Darod)
4671	Majerteen subclan (Darod) - Ogaden clan (Darod)
4672	Dassanetch - Turkana
4677	Murle - Nuer
4682	Ogaden clan (Darod) - Sheikhal clan (Dir)
4739	Amhara - Oromo
4740	Arbore - Borana
4741	Borana - Degodia
4742	Borana - Garre
4743	Borana, Guji - Garre
4744	Derashe - Zeyle
4745	Gedeo - Guji
4746	Rer Liban subclan of Habr Awal (Issaq) - Rer Samatar subclan of Habr Awal (Issaq)
4761	Ajuran - Garre
4887	Al-Shabaab - ONLF
4916	Anuak - Highlanders
4921	Suri - Tishana-Me’en
4923	Geri - Makahin
4924	Borana - Gabra
4927	Ari - Mursi
4949	Dassanetch - Gabra
4953	Degodia - Garre
11447	Ethiopia: Hararghe
13623	Hamar (Ethiopia) - Nyangatom
13624	Borana - Hamar (Ethiopia)
14470	Oromo - Gamo, Guraghe
14471	Oromo - Dorze, Gamo, Guraghe, Silt'e, Wolayta
14542	Amhara - Qimant
14690	Amhara - Gumuz
14935	Ethiopia: Amhara
14893	OLA - Civilians
14983	Afar - Oromo
15079	Ale - Konso
15130	Amhara, Guraghe - Oromo
15166	Amhara, Oromo, Shinasha - Gumuz
15207	Agaw, Amhara - Gumuz
15226	Government of Eritrea, Government of Ethiopia - Civilians
15541	Agaw, Amhara, Shinasha - Gumuz
342	Spain: Basque
352	Sri Lanka (Ceylon): Eelam
608	al-Qaida  - Civilians
693	Government of Gambia - Civilians
380	Georgia: Government
392	Georgia: Abkhazia
393	Georgia: South Ossetia
401	Russia (Soviet Union): Chechnya
527	Republic of Abkhazia - Civilians
4747	Forest Brothers, White Legion - Republic of Abkhazia
4748	Republic of Abkhazia - White Legion
205	Iran: Kurdistan
315	United Kingdom: Northern Ireland
4566	Abudu  - Andani
4658	Kusasi - Mamprusi
4749	Gonja - Konkomba, Nawuri
4750	Dagomba, Gonja, Nanumba - Konkomba
233	Guatemala: Government
445	Government of Guatemala - Civilians
629	Los Zetas - Civilians
4668	Mara 18 (Guatemala) - Mara Salvatrucha (Guatemala)
4696	Gulf Cartel - Sinaloa Cartel
307	Guinea: Government
458	Government of Guinea - Civilians
571	RUF - Civilians
599	ULIMO - K - Civilians
1030	AFRC - Civilians
1908	LDF - Civilians
4751	Torma - Torma Manian
4966	Kpelle - Malinké
9637	Konianke - Kpelle
15103	Kpelle - Konianke, Malinké
375	Senegal: Casamance
410	Guinea-Bissau: Government
622	Buxton gang - Civilians
381	Haiti: Government
444	Government of Haiti - Civilians
4898	Supporters of Jean-Bertrand Aristide - Supporters of Roger Lafontant
15080	G9 an Fanmi e Alye - Civilians
15167	Delmas 19 gang , Delmas 6 gang, Delmas 95 gang, Nan Barozi gang, Nan Belekou gang, Nan Boston gang, Nan Chabón gang, Nan Ti Bwa gang, Pilate Base gang, Simon Pele gang, Wharf de Jeremie gang - Civilians
15353	G9 an Fanmi e Alye - G Pep
612	Mara Salvatrucha (Honduras) - Civilians
4941	Mara 18 (Honduras) - Mara Salvatrucha (Honduras)
218	India - Pakistan
227	India: Government
251	India: Nagaland
274	China - India
335	India: Tripura
347	India: Manipur
351	India: Punjab/Khalistan
365	India: Assam
434	India: Islamic State
497	PWG - Civilians
498	MCC - Civilians
499	CPI-Maoist - Civilians
503	NSCN-IM - Civilians
516	ATTF - Civilians
519	Sikh insurgents - Civilians
522	Kashmir insurgents - Civilians
523	ULFA - Civilians
534	DHD - BW - Civilians
535	BLTF - Civilians
541	Ranvir Sena - Civilians
545	UPDS - Civilians
546	VHP - Civilians
615	DHD - Civilians
616	KRA - Civilians
617	HPC - Civilians
624	Indian Mujahideen - Civilians
625	NDFB - RD - Civilians
626	Lashkar-e-Taiba - Civilians
902	ABSU - Civilians
1977	PCPA - Civilians
1979	PLFI - Civilians
4679	NSCN-IM - NSCN-K
4680	NSCN-IM - NSCN-U
4752	Bodo - Santhal
4753	HuM - JKLF
4754	Kuki - Naga
4902	Hindus (India) - Muslims (India)
4908	Kuki - Paite
4992	Dimasa  - Zeme Naga
10289	NSCN-K - NSCN-K-K
11475	Myanmar (Burma): Nagaland
10676	Assamese - Bodo
10780	Bangladeshi Immigrants - Bodo
11318	CPI-ML-VM - PWG
11342	India: Garoland
11361	Tripura Non-Tribal Communities - Tripura Tribal Communities
11523	Assamese - Bihari
13005	Al-Umma - Civilians
13230	NDFB-S - Civilians
13653	India: Western South East Asia
14003	Meitei - Pangal
291	Indonesia: West Papua
330	Indonesia: East Timor
366	Indonesia: Aceh
493	Government of Indonesia - Civilians
524	GAM - Civilians
539	Jemaah Islamiya - Civilians
630	Laskar Jihad - Civilians
4755	Dayak - Madurese
4903	Christians (Indonesia) - Muslims (Indonesia)
4929	Dayak, Malay (Indonesia) - Madurese
271	Iraq: Kurdistan
338	Iran: Government
354	Turkey: Kurdistan
518	Jondullah - Civilians
709	Government of Iran - Civilians
14268	Iran: Islamic State
14609	Iran - Israel
371	Iraq - Kuwait
420	Australia, United Kingdom, United States - Iraq
481	Government of Iraq - Civilians
505	Ansar al-Islam - Civilians
521	PKK - Civilians
538	Jamaat Jund al-Sahaba - Civilians
618	AAH - Civilians
4564	1920 Revolution Brigades - IS
4580	Ansar al-Islam - PUK
4645	IS - RJF
4756	Dereiat - al-Shaman
4757	IMK - PUK
4758	KDP - PUK
4759	KDP - PKK
4910	PKK - PUK
299	Syria: Government
13132	al-Mahdi Army - Civilians
13265	IS - JRTN
13902	Turkey: Islamic State
13741	Jaysh al-Mukhtar - MEK
483	Government of Israel - Civilians
500	PIJ - Civilians
501	Hamas - Civilians
502	AMB - Civilians
4616	Fatah - Hamas
13096	Hamas - Jund Ansar Allah
341	Liberia: Government
419	Ivory Coast: Government
457	Government of Ivory Coast - Civilians
564	NPFL - Civilians
576	MPCI - Civilians
577	MPIGO - Civilians
587	LPC - Civilians
1049	FRCI - Civilians
1923	AJPSN - Civilians
4617	FRCI - FN - IC
4618	FRCI - MILOCI
4776	LPC - NPFL
4892	Supporters of Laurent Gbagbo - Supporters of Alassane Outtara
4950	Burkinabé - Guéré
4951	Dioula - Guéré
4952	Guéré - Senufo
4962	Guéré - Malinké
9940	Bete - Senufo
13888	Fulani - Koulango , Lobi, Malinké
14434	FRGO - Civilians
4760	Supporters of JLP - Supporters of PNP
13668	IS - Southern Front
13886	Jordan: Islamic State
601	SLDF - Civilians
602	Mungiki - Civilians
4631	Garre subclan of Digil clan (Digil-Mirifle) - Murule subclan of Gugundabe clan (Hawiye)
4651	Jie - Turkana
4656	Kalenjin - Kikuyu
4657	Kalenjin - Kisii
4665	Kikuyu - Luo
4676	MDF - SLDF
4681	Nyangatom , Toposa - Turkana
4687	Pokot - Sabiny
4698	Rer Ahmad subclan (Hawiye) - Hawarsame Rer Hasan and Habar Ya'qub subclan of Marehan clan (Darod)
4703	Toposa - Turkana
4704	Pokot - Turkana
4762	Borana - Samburu
4763	Kalenjin - Luhya
4764	Kalenjin - Kisii, Luo
4765	Kisii - Maasai
4766	Kikuyu - Maasai
4767	Marakwet - Pokot
4768	Nandi - Pokot
4769	Orma, Wardei - Pokomo
4770	Pokot, Samburu - Turkana
4850	Dinka  - Nuer
4869	Karimojong - Pokot
4870	Matheniko Karimojong - Pokot
4915	Dodoth - Turkana
4925	Pokot - Samburu
4926	Samburu - Turkana
4928	Dassanetch - Nyangatom , Toposa
4930	Samburu - Somali
4970	Borana - Turkana
5038	Orma - Pokomo
13646	Kenya: Northeastern Province and Coast
11936	Borana - Burji, Gabra
14592	Chiebiliew Yoal (Lou Nuer) - Cie Bol
2003	Government of eSwatini (Swaziland) - Civilians
415	Uzbekistan: Government
4900	Kyrgyz - Uzbek
13324	Kyrgyzstan - Tajikistan
262	Laos: Government
492	Government of Laos - Civilians
260	Lebanon: Government
711	Government of Syria - Civilians
4639	Hezbollah - PSP
4771	Amal - Hezbollah
4772	Fatah - Fatah Revolutionary Council
4773	Hezbollah - SLA
4774	Forces of Michel Aoun - Lebanese Forces
4911	Forces of Michel Aoun - PSP
4999	Alawite (Lebanon) - Sunni (Lebanon)
11671	Hezbollah - Jabhat Fateh al-Sham
11694	Brigades of Aisha - Hezbollah
11736	ADP - Civilians
13034	IS - Jabhat Fateh al-Sham
13325	Hezbollah - IS
13675	Lebanon: Islamic State
14137	Hezbollah - HTS
14141	IS - HTS, Saraya Ahl al-Sham
411	Lesotho: Government
382	Sierra Leone: Government
459	Government of Liberia - Civilians
565	INPFL - Civilians
566	LURD - Civilians
598	ULIMO - J - Civilians
600	ULIMO - Civilians
4775	INPFL - NPFL
4777	NPFL - ULIMO
4778	NPFL, ULIMO - K - AFL, LPC, ULIMO - J
4779	ULIMO - J - ULIMO - K
4983	RUF - ULIMO
479	Government of Libya - Civilians
4996	Gontrar, Zintan - Mashashia
11346	Libya: Government
11859	Awlad Suleiman  - Qadhadhfa
13202	Awlad Suleiman  - Toubou
13204	Benghazi Revolutionaries Shura Council - Forces of the House of Representatives
13332	Libya Dawn - Zintan Military Council
13694	Libya: Islamic State
13695	Forces of the House of Representatives - IS
13705	DPF - IS
13728	DPF - Forces of the House of Representatives
13729	Ajdabiya Revolutionaries Shura Council  - Forces of the House of Representatives
13730	Toubou  - Tuareg
13732	Toubou  - Zuwaya
13924	SDB - Forces of the House of Representatives
13928	SRF - Subol Al-Salam Brigade
14234	Anas al-Dabbashi Brigade, Brigade 48 - Operations Room Combating Daesh, Shuhada al-Wadi militia
14338	Benghazi Revolutionaries Shura Council - LNA
14339	February 17 Martyrs Brigade, Rafallah al-Sahati Brigade - LNA
14340	ASL - LNA
14372	Forces of Ibrahim Jadhran - Forces of the House of Representatives
14391	Awlad Busayf, Awlad Suleiman  - Toubou
14406	Brigade 301, Ghaniwa Brigade, Nawasi Battalion, TRB - Kaniyat
14435	Jabhat al-Samud, Kaniyat - TPF
14506	IS - Shabab al-Tawhid wa al-Aqiyda
14733	Ahali - Toubou
417	Macedonia, FYR: Government
450	Government of Serbia (Yugoslavia) - Civilians
478	Government of Madagascar - Civilians
4877	Supporters of Andry Rajoelina - Supporters of Marc Ravalomanana
4893	Supporters of Didier Ratsiraka - Supporters of Marc Ravalomanana
308	Philippines: Mindanao
510	ASG - Civilians
11487	Malaysia: Sabah
372	Mali: Azawad
442	Mauritania: Government
454	Government of Mali - Civilians
456	Government of Niger - Civilians
567	FIAA - Civilians
603	MPGK  - Civilians
4780	ARLA, FIAA, FPLA - MPA
4781	Fulani - Tuareg
4888	Arab - Kounta
5039	Dogon - Fulani
5040	AQIM, Jama'atu Ahlis Sunna Lidda'awati wal-Jihad, MUJAO - CMA
5041	CMA - MUJAO, Signed-in-Blood Battalion
11328	Ansar Dine - CMA
11330	Ganda Iso - CMA
11347	Mali: Government
11863	MAA - CMA
13611	Mali: Macina Empire
13683	CMA - GATIA
13686	CMA - CM-FPR, GATIA, MAA
13987	Dozos (Mali) - Civilians
13988	Dozos (Mali) - JNIM
14109	GATIA, MSA - IS
14110	IS - MSA
14113	Mali: Islamic State
14138	GATIA - IS
14291	CMA - MSA
14411	Dan na Ambassagou - Civilians
14416	GATIA, MSA - Civilians
14622	Dan na Ambassagou - JNIM
694	Government of Mauritania - Civilians
4894	Mauritanian - Senegalese
400	Mexico: Government
613	Paz y Justicia - Civilians
641	Government of Mexico - Civilians
4652	Juarez Cartel - Sinaloa Cartel
4702	Tijuana Cartel - Tijuana Cartel - El Teo faction
4782	Garcia clan - Peña Rojas clan
4907	Santiago Xochiltepec - Santo Domingo Teojomulco
4933	Gulf Cartel - Los Zetas
4934	Beltrán Leyva Cartel - Beltrán Leyva Cartel - Valdez Villareal faction
4936	Los Zetas - Sinaloa Cartel
4978	La Familia - Los Caballeros Templarios
4979	Jalisco Cartel New Generation - Los Zetas
4980	Cartel Independiente de Acapulco - La Barredora
4981	Jalisco Cartel New Generation - La Resistencia
11052	Jalisco Cartel New Generation - Los Caballeros Templarios
11053	Beltrán Leyva Cartel - Sinaloa Cartel
11055	Los Zetas - Cártel del Noreste faction - Los Zetas - Old School Zetas faction
11058	Guerreros Unidos - Los Rojos
11094	Los Zetas - Los Zetas - Velazquez Caballero faction
11940	Autodefensas Unidas de Michoacán - Los Caballeros Templarios
11949	Gulf Cartel - Ramirez Treviño faction - Gulf Cartel - Villareal faction
11955	La Mochomera - Sinaloa Cartel
13391	Gulf Cartel - Dragones de Sheyla faction - Gulf Cartel - Los Fresitas faction
13393	Sinaloa Cartel - Los Chavez Matamoros faction - Sinaloa Cartel - Los Salgueiro faction
13394	Los Ardillos - Los Rojos
13408	Sinaloa Cartel - Tijuana Cartel
13735	Sinaloa Cartel - Los Memos faction - Sinaloa Cartel - Los Salazar faction
13737	Jalisco Cartel New Generation - Sinaloa Cartel
13738	Sinaloa Cartel - Forces of Damaso
13739	Sinaloa Cartel - El Pepillo faction - Sinaloa Cartel - Los 28 faction
13810	Los Zetas - Jorge Ivan Hernandez Cantu faction - Los Zetas - Juan Pedro Salvador Saldivar Farias faction
13940	Jalisco Cartel New Generation - La Nueva Familia
14456	Jalisco Cartel New Generation - Nueva Plaza Cartel
14516	Fuerza Anti Unión  - La Union de Tepito
14532	Jalisco Cartel New Generation - Santa Rosa de Lima Cartel
14606	Los Aztecas - La Linea
14674	Jalisco Cartel New Generation - La Familia
14835	Jalisco Cartel New Generation - Los Rojos
14939	Cartel Independiente de Acapulco - Jalisco Cartel New Generation
14941	CRAC-PF - Los Ardillos
15082	Sinaloa Cartel - Chapitos faction - Sinaloa Cartel - Los Mayos faction
15243	Caborca Cartel, Sinaloa Cartel - Los Mayos faction - Sinaloa Cartel - Chapitos faction
15260	Cartel Independiente de Acapulco - Los Virus
15263	Guerreros Unidos - Los Tlacos
15347	Carteles Unidos - Jalisco Cartel New Generation
15468	Gulf Cartel, La Familia, Sinaloa Cartel - Los Zetas
15551	Cartel del Sur - Los Rojos
15554	Grupo Escorpion - Gulf Cartel - Los Ciclones faction
15556	Los Colombianos - Los Maya
394	Moldova: Dniestr
331	Morocco: Sahrawi Arab Democratic Republic (Western Sahara)
542	Salafia Jihadia - Civilians
332	Mozambique: Government
562	Renamo - Civilians
700	Government of Mozambique - Civilians
4783	Naparama - Renamo
14303	Ansar al-Sunnah - Civilians
14845	Mozambique: Islamic State
221	Myanmar (Burma): Karen
222	Myanmar (Burma): Government
224	Myanmar (Burma): Mon
231	Myanmar (Burma): Kachin
253	Myanmar (Burma): Karenni
264	Myanmar (Burma): Shan
422	Myanmar (Burma): Wa
496	KNU - Civilians
4612	DKBA - KNU
4699	RCSS - UWSA
4784	MDA - MDA - LM
4785	MTA - UWSA
10444	Buddhists (Myanmar) - Muslims (Myanmar)
15516	NUG - Civilians
269	Nepal: Government
490	Government of Nepal - Civilians
507	CPN-M - Civilians
4602	CPN-M - MJF
336	Nicaragua: Government
373	Niger: Air and Azawad
406	Niger: Eastern Niger
430	Niger: Government
13639	Niger: Islamic State
13884	IS - Jama'atu Ahlis Sunna Lidda'awati wal-Jihad
14076	Daoussak (Tuareg) - Fulani
15489	IS - Banibangou Vigilance Committee
424	Nigeria: Northern Nigeria
425	Nigeria: Niger Delta
463	Government of Nigeria - Civilians
581	Bakassi boys - Civilians
1985	FNDIC - Civilians
4567	Supporters of ACN - Supporters of PDP
4568	Supporters of AD - Supporters of PDP
4578	Supporters of ANPP - Supporters of PDP
4624	Fulani - Yugur
4625	Fulani - Mambila
4629	Gamai - Pan
4635	Hausa - Igbo
4636	Hausa - Tarok
4637	Hausa - Yoruba
4643	Ijaw - Itsekiri
4646	Izzi (Igbo) - Ukele
4678	NDPVF - NDV
4786	Adoni - Ogoni
4787	Azara - Tiv
4788	Efik - Ibibio
4789	Fulani - Wurukum
4790	Afisare, Anaguta, Birom - Fulani, Hausa
4791	Hausa - Ninzam
4792	Ife - Modakeke
4793	Ijaw - Ilaje
4794	Ijaw - Urhobo
4795	Jukun - Tiv
4796	Fulani - Karimjo
4797	Kwala - Tiv
4799	Ndoki - Ogoni
4800	Eleme - Okrika (Ijaw)
4801	Ogoni - Okrika (Ijaw)
4802	Igbo - Tiv
4803	Aguleri - Umuleri
4804	Ijaw, Urhobo - Itsekiri
4876	Afor - Fulani
4884	Fulani - Tarok
4889	Atyap - Hausa
4890	Hausa - Igbo, Yoruba
4895	Christians (Nigeria) - Muslims (Nigeria)
4896	Bini - Urhobo
4897	Supporters of PDP - Supporters of UNPP
4945	Boje - Nsadop
4948	Birom - Fulani
4956	Oleh (Isoko) - Olmoro (Isoko)
4971	Hausa - Sayawa
4972	Ezilo - Ezza
4973	Fulani - Tiv
4985	Deebam - Deewell
4986	Black Axe, Bush Boys, Deebam, KK, NDV - Outlaws
4987	Alago - Eggon
4988	Greenlanders - NDV
4997	Isenasawo - Isongo-furo
4998	Forces of Agala - Forces of Edu
9488	Fulani - Yoruba
10823	Black Axe - Eyie
10831	Black Axe - Maphite
11125	Birom - Fulani, Hausa
11427	NURTW-Auxiliary - NURTW-Tokyo
11480	Jama'atu Ahlis Sunna Lidda'awati wal-Jihad - Yan Gora
11500	Atakar - Fulani
11502	Hausa - Jukun
11632	Agatu - Tiv
11675	Agatu - Fulani
11755	Eggon - Fulani
11777	Kuteb - Tiv
11780	Ikpanya (Ibibio) - Efik
13167	Fulani - Jukun
13191	Supporters of APC - Supporters of PDP
13389	Eggon - Gwandere
303	Nigeria: Biafra
13641	Nigeria: Islamic State
13642	IS - Yan Gora
13698	Deebam - NDV
13879	Ikot-Offiong community - Oku Iboku community
13903	IPOB - Civilians
13984	Wanhihem community - Wanikade community
13985	Fulani - Kadara
14083	Fulani - Irigwe
14134	Bwatiye - Fulani
14520	Bassa Kwomu - Egbura Mozum
14635	Fulani - Yandang
14645	Fulani - Izzi (Igbo)
14649	Yan Sakai - Civilians
14650	Lunguda - Waja
14662	Hausa - Kadara
14700	Ikurav (Tiv) - Shitile (Tiv)
14897	Abugbe (Agatu) - Agbaduma (Agatu)
14989	Jole - Shomo
15011	Ichen - Tiv
15012	Chabo - Hausa
15102	Atyap - Fulani
15379	Bonta Boys - Civilians
15384	Ezza - Korri
325	Pakistan: Balochistan
513	BLA - Civilians
530	TTP - Civilians
623	Fedayeen Islam - Civilians
923	Lashkar-e-Islam - Civilians
3732	TTP-Islahi - Civilians
3870	UBA - Civilians
4579	Ansaar ul-Islam - Lashkar-e-Islam
4588	Bangesh - Turi
4644	IMU - Lashkhar of Wazir tribe
4647	Forces of Shah Sahib - TTP
4655	Kachai sub-tribe of Bangesh - Mishti
4659	Lashkar of Salarzai tribe - TTP
4667	Mangal - Turi
4805	MQM - MQM-H
4912	Lashkar of Orakzai tribe - TTP
4913	Forces of Turkestan Bhittani - TTP
4937	Lashkar-e-Islam - TTP
4938	Forces of Momin Afridi - TTP - TA
4939	TTP - MR - TTP - MT
4940	Bangesh - Mangal
4967	Lashkar-e-Islam - Lashkar of Zakakhel tribe
4968	Lashkar-e-Islam - TTP - TA
4977	Laskhar of Masozai Qaumi tribe - TTP
4982	Lashkar of Kukikhel clan - TTP
4990	Lashkar-e-Islam - Lashkar of Akakhel tribe
10620	Mohajir - Pashtun
10621	Mohajir - Sindhi
10631	Jatoi - Meher
10691	Supporters of MQM - Supporters of PPP
10698	Khadadkhel - Oatizai
10699	Supporters of Yousaf Ali Khan Magsi - Supporters of Zulfikar Ali Khan Magsi
10732	Lashkar of Mohmand tribe - TTP
10773	Lashkar-e-Islam - Tawheed ul-Islam
11715	Ansaar ul-Islam - TTP
13293	Jaish-ul-Islam - Civilians
13936	Pakistan: Islamic State
13937	BLA - UBA
367	Panama: Government
368	Panama - United States of America
369	Papua New Guinea: Bougainville
494	Government of Papua New Guinea - Civilians
4806	Wagia subclan of Takima - Wayai subclan of Takima
4807	Unjamap - Wogia-Tunjup
4904	Akibu - Tonakau
10948	Akul - Kambrip
14927	Oi Kuru - Libe Koi
15276	Agarabi - Tapo
220	Paraguay: Government
292	Peru:Government
607	Sendero Luminoso - Civilians
649	Government of Peru - Civilians
13440	MRTA - Sendero Luminoso
209	Philippines: Government
495	CPP - Civilians
509	MILF - Civilians
614	Ampatuan militia - Civilians
737	Government of Philippines - Civilians
3620	Al-Khobar - Civilians
4664	Lumad - Moro
4808	Hadji Faizal Abdulkarim clan - Hadji Masir Ahalul clan
4875	Forces of Jing Caludtiag - Forces of Randy Karon
4905	Christians (Philippines) - Muslims (Philippines)
4964	BIFM - MILF
14275	Philippines: Islamic State
370	Romania: Government
452	Government of Romania - Civilians
376	Russia (Soviet Union): Nagorno-Karabakh
377	Russia (Soviet Union): Azerbaijan
399	Russia (Soviet Union): Government
414	Russia (Soviet Union): Dagestan
432	Russia (Soviet Union): Caucasus Emirate
529	Chechen Republic of Ichkeria - Civilians
533	Forces of the Caucasus Emirate - Civilians
536	Gazotan Murdash - Civilians
4809	Armenian - Azeri
4810	Chechen Republic of Ichkeria - Forces of Ruslan Labazanov
4811	Chechen Republic of Ichkeria - Provisional Council of the Chechen Republic
4812	Republic of Georgia - Republic of South Ossetia
4899	Meskhetian Turk - Uzbek
13247	Ukraine: Lugansk
13588	Russia: Islamic State
715	Government of Yemen (North Yemen) - Civilians
230	Yemen (North Yemen): Government
455	Government of Senegal - Civilians
570	MFDC - Civilians
590	MFDC - FN - Civilians
4673	MFDC Front Nord - MD - MFDC - S
384	Serbia (Yugoslavia): Slovenia
385	Serbia (Yugoslavia): Croatia
4872	Republic of Croatia - SAO Eastern Slavonia, Baranja and Western Symria
4873	Republic of Croatia - SAO Krajina
460	Government of Sierra Leone - Civilians
1031	Kamajors - Civilians
4984	Kamajors - RUF
473	Government of Somalia - Civilians
595	RRA - Civilians
620	SPM/SNA  - Civilians
4565	Abgal clan (Hawiye) - Xawaadle clan (Hawiye)
4571	Abtisame subclan of Galje'el clan (Hawiye) - Afi subclan of Galje'el clan (Hawiye)
4572	Agon-Yar subclan of Abgal clan (Hawiye) - Warsangeli subclan of Abgal clan (Hawiye)
4573	Ahlu Sunna Waljamaca - Al-Shabaab
4574	Ali-Gaf subclan of Abgal clan (Hawiye)  - Mahadade subclan of Abgal clan (Hawiye)
4584	ARPCT - ARS/UIC
4603	Dabare subclan of Digil clan (Digil-Mirifle) - Luway subclan of Mirifle clan (Digil-Mirifle)
4605	Da'ud subclan of Abgal clan (Hawiye) - Warsangeli subclan of Abgal clan (Hawiye)
4609	Dir clan  - Marehan subclan (Darod)
4610	Dir clan  - Sa'ad subclan of Habar Gidir clan (Hawiye)
4614	Duduble subclan of Gorgorte clan (Hawiye) - Suleiman subclan of Habar Gidir clan (Hawiye)
4620	Forces of Abdullahi Yusuf - Forces of Jama Ali Jama
4626	Gaadsan subclan of Biimaal clan (Dir) - Ma'alin Weyne subclan of Mirifle clan (Digil-Mirifle)
4628	Galje'el clan (Hawiye) - Jejele subclan of Jibedi clan (Hawiye)
4630	Garre subclan of Digil clan (Digil-Mirifle) - Marehan subclan (Darod)
4642	Huber subclan of Mirifle clan (Digil-Mirifle) - Yantar subclan of Mirifle clan (Digil-Mirifle)
4653	JVA - JVA faction
4654	Forces of General Morgan - JVA
4669	Fiqi Muhumud subclan (Dir) - Marehan subclan (Darod)
4675	Mohamed Muse subclan of Abgal clan (Hawiye) - Warsangeli subclan of Abgal clan (Hawiye)
4688	Puntland State of Somalia - Republic of Somaliland
4694	RRA - RRA - MH
4695	Sa'ad subclan of Habar Gidir clan (Hawiye) - Suleiman subclan of Habar Gidir clan (Hawiye)
4700	Sa'ad subclan of Habar Gidir clan (Hawiye) - Saleban Abdalla subclan of Surre clan (Dir)
4705	USC/SSA - USC/SSA - OMF
4813	Abdalle subclan of Habar Awal clan (Isaaq) - Aidagalla subclan of Habar Garhadjis clan (Isaaq)
4814	Abdalleh-Agon-Yar subclan of Abgal clan (Hawiye) - Eli-Agon-Yar subclan of Abgal clan (Hawiye)
4815	Abdulleh-Galmaha subclan of Abgal clan (Hawiye) - Kabaloh subclan of Abgal clan (Hawiye)
4816	Abgal clan (Hawiye) - Galgalo
4817	SPM - Forces of Omar Jess
4818	Ayr subclan of Habar Gidir clan (Hawiye) - Sa'ad subclan of Habar Gidir clan (Hawiye)
4819	Abdalle-Aroneh subclan of Abgal clan (Hawiye) - Eli-Omar subclan of Abgal clan (Hawiye)
4820	Forces of Abdirizak Bihi - Forces of Ahmed Sheikh Buraleh
4821	Forces of Hussein Ali Ahmed - USC/SSA
4823	Garre subclan of Digil clan (Digil-Mirifle) - Jiddo subclan of Digil clan (Digil-Mirifle)
4824	Habar Gidir clan (Hawiye) - Xawaadle clan (Hawiye)
4825	Habar Gidir clan (Hawiye) - Marehan subclan (Darod)
4826	Galje'el clan (Hawiye) - Xawaadle clan (Hawiye)
4827	Republic of Somaliland - SNM - 'Calan cas'
4828	SNF  - USC/SNA
4829	SNF - MSAB  - SNF
4830	SPM - SPM/SNA
4831	AIAI - SSDF
4832	DSA  - USC/SNA
4833	RRA - USC/SNA
4834	SSDF - USC/SNA
4835	USC/SNA - USC/SNA - OA
4836	USC/SNA - USC-PM
4878	Al-Shabaab - Hizbul Islam
4932	Forces of General Morgan - Forces of Omar Jess
4942	Suleiman subclan of Habar Gidir clan (Hawiye) - Qubeys subclan (Dir)
4944	Mujahideen in the Golis Mountains - Puntland State of Somalia
4947	Ahlu Sunna Waljamaca - Hizbul Islam
4957	Abgal clan (Hawiye) - Garre subclan of Digil clan (Digil-Mirifle)
4958	Forces of Abdullahi Yusuf - Forces of Yussuf Hajji Nur
4961	Al-Shabaab - SVA
14074	Somalia: Somaliland
10938	Khatumo administration - Republic of Somaliland
14197	Somalia: Islamic State
14072	Bahararsame subclan of Dhulbahante clan (Darod) - Qayaad subclan of Dhulbahante clan (Darod)
14073	Al-Shabaab - Aaro Aaro
14473	Al-Shabaab - Ma'awisley
14499	Biide subclan of Habar Jeclo (Isaaq) - Sa'ad subclan of Habar Yonis (Isaaq)
14525	Al-Shabaab - IS
15198	Majerteen subclan (Darod) - Awramale subclan (Darod)
580	AWB - Civilians
592	PAC - Civilians
1015	ANC - Civilians
1909	IFP - Civilians
4837	ANC - 'Greens'  - ANC - 'Reds'
4838	Supporters of ANC - Supporters of AZAPO
4839	CATA  - Codeta
4840	Supporters of ANC - Supporters of IFP
4841	Supporters of IFP - Supporters of UDF
4842	Mangweni clan - Mgodini clan
4843	Supporters of ANC - Supporters of UDM
4844	NUM  - Uwusa
4845	Lagunya  - Webta
15477	Black - Indian
556	SLM/A - Civilians
4583	Agar Dinka - Gok Dinka
4594	Bor Dinka - Murle
4851	Jikany Nuer - Lou Nuer
4880	Bari - Mundari
4881	Bor Dinka - Mundari
4943	Gok Dinka - Rek Dinka
4974	Misseriya - Ngok Dinka
4975	Gony Dinka - Thiyic Dinka
5043	Bul Nuer - Luac Jang Dinka
5045	Balanda - Dinka
11345	South Sudan: Government
11200	Amothnhom Dinka  - Panyon Dinka
11348	South Sudan - Sudan
11711	Misseriya - Nuer
11732	SPLM/A - IO - Civilians
13563	Aguok - Apuk Giir
13649	Luac Jang Dinka - Thiyic Dinka
13681	Kuei Dinka, Pakam Dinka - Rup Dinka
13863	Panyar Dinka - Waat Dinka
13864	Panyar Dinka, Rek Dinka - Waat Dinka
14068	Aliap Dinka  - Atuot Dinka
14167	Pakam Dinka - Rup Dinka
14174	NAS - SPLM/A - IO
14216	Ingessana - Uduk
14229	Ayiel Dinka - Waat Dinka
14305	Jalwau Dinka - Thiyic Dinka
14459	Bul Nuer - Kongor Dinka, Lou Dinka
14460	Jie - Murle
14478	Gok Dinka, Jalwau Dinka - Luac Jang Dinka, Thiyic Dinka
14574	Gak Dinka - Manuer Dinka
14686	Latuka - Pari
14922	Bul Nuer - Twic Dinka
15034	MDF - SPLM/A-North
15091	Ayiel Dinka - Pagok Dinka
15098	Apuk Padoc - Atok Buk
15173	Bor Dinka, Lou Nuer - Murle
15175	Bor Dinka, Gawaar Nuer, Lou Nuer - Murle
15214	South Sudanese - Sudanese
15326	Gawaar Nuer - Murle
15350	Toposa - Buya
15357	Luac Jang Dinka - Lou Paher
15373	Luac Jang Dinka - Lou Paher, Thiyic Dinka
15374	Balanda - Azande
15487	Cie Kho - Cie Guandong
537	GICM - Civilians
313	Sri Lanka (Ceylon): Government
489	Government of Sri Lanka - Civilians
511	JVP - Civilians
520	LTTE - Civilians
4663	LTTE - LTTE - K
4846	EPRLF - LTTE
4847	LTTE - PLOTE
4906	Supporters of PA - Supporters of UNP
11484	Muslims (Sri Lanka) - Tamil
557	SLM/A - MM - Civilians
597	SSDF - Civilians
4608	Didinga - Toposa
4633	Fulani - Habaniya
4634	Habaniya  - Rizeigat Baggara
4640	Hotiya Baggara  - Mahamid, Mahariba, Newiba
4648	Janjaweed  - JEM
4649	Janjaweed  - SLM/A
4650	Janjaweed - Bin Kulaib faction - Janjaweed - Moro faction
4661	Hol Dinka - Lou Nuer
4662	LRA - SPLM/A
4666	Ma'aliyah - Rizeigat Baggara
4674	Misseriya - Rizeigat Abbala
4685	PDF - SSDF
4693	Rizeigat Abbala - Terjam
4697	SLM/A - SLM/A - MM
4706	Ma'aliyah - Zaghawa
4848	Awlad Omran clan (Misseriya) - Awlad al-Zuid clan (Misseriya)
4853	Rizeigat Abbala - Zaghawa
4854	Beni Halba Baggara, Salamat Baggara - Fur
4855	SPLM/A - SPLM/A - AH
4856	SPLM/A - SPLM/A - WN
4857	SPLM/A - SSDF
4858	SPLM/A - SSUM/A
4859	SPLM/A - UNRF II
4860	SPLM/A - WNBF
4861	SSDF - SSUM/A
4879	Ngok Dinka - Shiluk
4882	Aliap Dinka  - Mundari
4883	Luac Jang Dinka - Awan Dinka
4886	Pari - Toposa
4946	Atuot Dinka - Ciek Dinka
4976	Atuot Dinka - Jur Beli
9668	Arab - Masalit
9691	Northern Sudanese - Southern Sudanese
9708	Habaniya  - Salamat Baggara
11211	Al-Zayadia - Berti
11344	Sudan: Abyei
11708	Beni Hussein - Rizeigat Abbala
11709	Awlad Heiban clan (Misseriya)  - Awlad Metanin clan (Misseriya), Awlad Serur clan (Misseriya)
11712	Beni Halba Baggara - Gimir
11721	Misseriya - Salamat Baggara
11729	Hamar - Ma'aliyah
13558	Fulani - Salamat Baggara
13584	Masalit  - Rizeigat Baggara
13842	Awlad Omran clan (Misseriya) - Awlad Serur clan (Misseriya)
13920	Mahadi - Rizeigat Abbala
13922	Fulani - Masalit
13963	Hamar - Kababish
14067	SPLM/A-North - SPLM/A-North - MA faction
14695	SLM/A - MA - SLM/A - SB
14704	Beni Amir - Nuba
14906	Fur - Newiba, Rizeigat Abbala
15014	Fulani - Rizeigat Baggara
15059	Bor Dinka - Lou Nuer
15127	Mahariya, Mima - Masalit
15225	Hawazma - Nuba
15349	Fulani - Taisha
15378	Kawahla, Kenana, Nuba Logan - Dar Ali (Hawazma)
15470	Dar Ali (Hawazma) - Kenana
15513	Misseriya - Arab
4965	Opponents of al-Assad - Supporters of al-Assad
11680	Ghuraba al-Sham, Jabhat Fateh al-Sham - PYD
12994	IS, Jabhat Fateh al-Sham - PYD
13013	Jabhat al-Akrad, PYD - IS, Jabhat Fateh al-Sham
13014	al-Tawhid Brigade - PYD
13017	Ahfad al Rasoul Brigade, Ahrar al-Sham, IS, Islamic Kurdish Front, Jabhat Fateh al-Sham - PYD
13019	Ahrar al-Sham, al-Tawhid Brigade, IS, Jabhat Fateh al-Sham - PYD
13022	IS - PYD
13033	Ahfad al Rasoul Brigade - IS
13042	Syria: Rojava Kurdistan
13299	Syrian insurgents - Civilians
13397	IS - Islamic Front
13398	IS - SRF
13400	IS - Mujahideen Army
13402	Jabhat Fateh al-Sham - SRF
13403	IS - Islamic Front, Mujahideen Army, SRF
13404	Harkat Hazm - Jabhat Fateh al-Sham
13427	Jabhat Fateh al-Sham, Liwa al-Aqsa - SRF
13429	IS - Islamic Front, Jabhat Fateh al-Sham
13432	PYD - Civilians
13441	IS - Islamic Front, Jabhat Fateh al-Sham, Mujahideen Army
13604	Syria: Islamic State
13616	IS - SDF
13702	IS - Jaysh al-Sanadid, Khabour Guards, MFS, PYD
13704	IS - Jaysh al-Sanadid, MFS, PYD
13709	Aknaf Bait al-Maqdis, Jaysh al-Islam, Sham al-Rasul Brigade, Southern Front - IS
13712	Jaysh al Fatah Idlib - IS
13717	Ahrar al-Sham - Jabhat Fateh al-Sham
13720	SDF - Civilians
13725	Eastern Qalamoun Operations Room - IS
13726	IS - Jaysh al-Islam
13809	Syria: Government/Rojava Kurdistan
13744	Euphrates Vulcano - IS
13745	Fatah Halab - IS
13746	Fatah Halab - SDF
13747	Fatah Halab, Jabhat Fateh al-Sham - IS
13748	Ahrar al-Sham, Jabhat Fateh al-Sham - IS
13786	Ahrar al-Sham, Jabhat Fateh al-Sham, Southern Front - IS
13796	IS - NSA
13798	Ahrar al-Sham - Liwa al-Aqsa
13801	Mare’ Operations Room - IS
13802	Fatah Halab, Jabhat Fateh al-Sham - SDF
13808	Ahrar al-Sham, Furqan Brigades, Jabhat Fateh al-Sham, Jaysh al-Islam, Yarmouk Army - Jaysh al-Jihad (Saraya al- Jihad)
13832	Hawar Kilis Operations Room - IS
13833	Hawar Kilis Operations Room - SDF
13837	Jaysh al-Islam, Jaysh Usud al-Sharqiya, Martyr Lieutenant Ahmed Abdou Brigades, Rahman Corps - Tahrir al- Sham Army
13841	IS - Jaysh al-Asha’er
13950	Eastern Ghouta Unified Military Command - IS
14095	Ahrar al-Sham - HTS
14096	Jaysh al-Islam - HTS, Rahman Corps
14097	IS - HTS
14101	Ahrar al-Sham - Hamza Division, Liwa al-Sultan Murad
14124	Nour al-Din Zenki - HTS
14127	Liwa al-Aqsa - HTS
14309	IS - HTS, Southern Front
14313	Ahrar al-Sham, FSA, HTS, Jaysh al-Islam - IS
14324	Ahrar al-Sham, HTS, Southern Front - IS
14369	Syrian Liberation Front - HTS
14370	Suqour al-Sham, Syrian Liberation Front - HTS
14385	HTS - Tanzim Hurras ad-Din
14420	IS - Jaysh al-Sanadid, PYD
14424	Aknaf Bait al-Maqdis, HTS, Jaysh al-Islam - IS
14474	National Front for Liberation - HTS
14648	National Front for Liberation, SNA - Tajamu Shuhada al-Sharqiya
14699	IS - al-Qa'qa Brigade, Army of Ahl al-Sunni wal Jamaa , Army of al-Ikhlas, Army of Maoata al-Islami, Authenticity and Development Front, Bayareq al-Shaaitat , Islamic Front, Jabhat Fateh al-Sham, Jaish al-Muhajireen wal-Ansar, Liwa al-Qadisiya
14708	IS - Islamic Front, Jabhat al-Akrad, Jabhat Fateh al-Sham, Mujahideen Army, SRF
14714	16th Division, Islamic Front, Jabhat Fateh al-Sham - IS
14742	Jabhat Fateh al-Sham, Rahman Corps - Jaysh al-Islam
14749	IS - Islamic Front, Jabhat al-Akrad, Mujahideen Army, SRF
14763	IS - Nour al-Din Zenki, Sham Legion
14777	Aknaf Bait al-Maqdis, Jabhat Fateh al-Sham, Jaysh al-Islam, Sons of Yarmouk Movement, Southern Front - IS
14778	Aknaf Bait al-Maqdis, HTS, Jaysh al-Islam, Sons of Yarmouk Movement, Southern Front - IS
14784	Ahrar al-Sham, Jabhat Fateh al-Sham, Jaysh al-Islam, Jaysh Usud al-Sharqiya, Martyr Lieutenant Ahmed Abdou Brigades, Rahman Corps - IS
14803	SNA - SDF
14807	23rd Division, Ahrar al-Sham, Jaysh al Nasr, Jaysh al-Nukhba, Nour al-Din Zenki, Sham Legion, SNA - SDF
14808	National Front for Liberation, SNA - SDF
14809	23rd Division, Jaysh al Nasr, Jaysh al-Nukhba, Sham Legion, SNA, Syrian Liberation Front - SDF
14812	National Front for Liberation, SNA, Syrian Liberation Front - SDF
14873	IS - Islamic Front, SRF
14876	Euphrates Islamic Liberation Front, Islamic Front, Jabhat Fateh al-Sham, Liwa Thuwar ar-Raqqa - IS
14900	Ahrar Ghurayan - PYD
14910	Authenticity and Development Front, Islamic Front, Jabhat Fateh al-Sham - IS
14912	IS - Jabhat Fateh al-Sham, Liwa al-Qadisiya, Omar al-Mukhtar Battalion
14926	IS - Northern Storm Brigade
14937	Dawn of Freedom Brigades - IS
14938	Dawn of Freedom Brigades, Euphrates Islamic Liberation Front, Islamic Front, Jabhat al-Akrad, Liwa Thuwar ar-Raqqa - IS
14943	IS - Islamic Front, Jabhat al-Akrad, Liwa Thuwar ar-Raqqa
14945	Dawn of Freedom Brigades, Jabhat al-Akrad, Northern Storm Brigade - IS
14952	IS - Islamic Front, Northern Storm Brigade
14955	Baz al-Islamiya, Dawn of Freedom Brigades, Islamic Front, Jabhat al-Akrad, Jabhat Fateh al-Sham, Liwa al-Sultan Murad, Majd al-Sham - IS
14956	Dawn of Freedom Brigades, Harkat Hazm, Islamic Front, Jabhat al-Akrad, Jabhat Fateh al-Sham, Mujahideen Army, Nour al-Din Zenki, Sham Legion - IS
14958	IS - Islamic Front, Jabhat Fateh al-Sham, Liwa al-Jihad fi Sabeel Allah, Liwa Thuwar ar-Raqqa
14959	Authenticity and Development Front - IS
14961	IS, Jabhat Fateh al-Sham - Jabhat al-Akrad
14964	IS, Syrian insurgents - Civilians
14967	Ahfad al Rasoul Brigade, Ahrar al-Sham, al-Farouq Brigades, Ghuraba al-Sham, IS, Jabhat Fateh al-Sham, Jazeera-Euphrates Liberation Front, Liwa al-Fateh - PYD
14969	Hamza Asadullah Brigade - IS
14972	Jabhat Fateh al-Sham, Salahadin Brigade - PYD
14973	Ahrar al-Sham, al-Tawhid Brigade, IS, Islamic Kurdish Front, Jabhat Fateh al-Sham - PYD
15199	Ahrar al-Sharqiya - al-Moutasem Brigade, Hamza Division
15310	Army of Maoata al-Islami, Authenticity and Development Front, Islamic Front, Jabhat Fateh al-Sham - IS
1978	PFT - Civilians
4995	PFT - UTO
470	Government of Tanzania - Civilians
15183	Tanzania: Islamic State
423	Thailand: Patani
532	Patani insurgents - Civilians
461	Government of Togo - Civilians
4862	Moba - Chakosi
378	Trinidad and Tobago: Government
343	Tunisia: Government
14333	Tunisia: Islamic State
383	Turkey: Government
558	UPA - Civilians
999	WNBF - Civilians
4585	Arrow Boys - LRA
4592	Bokora Karimojong - Jie
4593	Bokora Karimojong - Pian Karimojong
4686	Pian Karimojong - Pokot
4863	Bokora Karimojong - Jie, Matheniko Karimojong
4864	Bokora Karimojong - Matheniko Karimojong
4865	Bokora Karimojong - Matheniko Karimojong, Turkana
4866	Dodoth - Jie
4867	Dodoth - Toposa, Turkana
4868	Iteso - Karimojong
4891	Jie - Matheniko Karimojong
4931	Bokora Karimojong - Jie, Matheniko Karimojong, Turkana
4955	Dodoth - Jie, Matheniko Karimojong
13749	Bakonzo - Bamba
13219	Ukraine: Government
13240	Supporters of independence for Eastern Ukraine - Supporters of Ukrainian unity
13246	Ukraine: Donetsk
13306	Ukraine: Novorossiya
11820	UDA - Civilians
277	Venezuela: Government
13514	El Dorado long-term inmates - Former Sabaneta inmates
13607	Sabaneta - Pavilion I gang - Sabaneta - Re-education sector gang
15543	Yare I - The Towers sector gang  - Yare I - The Workshop sector gang
402	Yemen (North Yemen): South Yemen
4935	Ansarallah - AQAP
11942	Al-Maraziq - Al-Saida
13587	AQAP - Forces of Hadi
13645	Yemen (North Yemen): Islamic State
13597	IS - Forces of Hadi
14512	AQAP - IS
14623	Forces of Hadi - STC
